cd_eleicao,uf,cd_cargo,cargo,n_cand,soma_votos_cand,vv,vn,vb,tv,pst,pea,psi,dg,hg
6259,AC,3,Governador,1,218760,,,,,,,,04/10/2026,21:08:18
6259,AC,5,Senador,1,19283,,,,,,,,04/10/2026,21:08:18
6259,AC,6,Deputado Federal,4,614,,,,,,,,04/10/2026,21:08:19
6259,AC,7,Deputado Estadual,12,76369,,,,,,,,04/10/2026,21:08:28
6259,AL,3,Governador,1,809796,,,,,,,,04/10/2026,22:54:50
6259,AL,5,Senador,2,1089523,,,,,,,,04/10/2026,22:54:50
6259,AL,6,Deputado Federal,10,440116,,,,,,,,04/10/2026,22:54:51
6259,AL,7,Deputado Estadual,7,621,,,,,,,,04/10/2026,22:54:51
6259,AM,3,Governador,1,841567,,,,,,,,05/10/2026,00:46:22
6259,AM,5,Senador,1,46757,,,,,,,,05/10/2026,00:46:22
6259,AM,6,Deputado Federal,9,371816,,,,,,,,05/10/2026,00:46:22
6259,AM,7,Deputado Estadual,6,1511,,,,,,,,05/10/2026,00:46:23
6259,AP,3,Governador,1,165900,,,,,,,,04/10/2026,21:04:28
6259,AP,5,Senador,1,163857,,,,,,,,04/10/2026,21:04:28
6259,AP,6,Deputado Federal,9,55826,,,,,,,,04/10/2026,21:04:29
6259,AP,7,Deputado Estadual,22,85151,,,,,,,,04/10/2026,21:04:29
6259,BA,3,Governador,1,4626509,,,,,,,,05/10/2026,00:40:03
6259,BA,5,Senador,2,8321886,,,,,,,,05/10/2026,00:40:03
6259,BA,6,Deputado Federal,21,30341,,,,,,,,05/10/2026,00:40:42
6259,BA,7,Deputado Estadual,49,702621,,,,,,,,05/10/2026,00:40:45
6259,CE,3,Governador,1,2498891,,,,,,,,04/10/2026,23:11:32
6259,CE,5,Senador,1,2677,,,,,,,,04/10/2026,23:11:32
6259,CE,6,Deputado Federal,6,1163,,,,,,,,04/10/2026,23:11:37
6259,CE,7,Deputado Estadual,33,264807,,,,,,,,04/10/2026,23:11:39
6259,DF,8,Deputado Distrital,25,65202,,,,,,,,04/10/2026,20:23:38
6259,ES,3,Governador,1,1048633,,,,,,,,04/10/2026,20:57:08
6259,ES,5,Senador,1,995361,,,,,,,,04/10/2026,20:57:09
6259,ES,6,Deputado Federal,11,288175,,,,,,,,04/10/2026,20:57:09
6259,ES,7,Deputado Estadual,24,56369,,,,,,,,04/10/2026,20:57:10
6259,GO,3,Governador,1,797141,,,,,,,,04/10/2026,22:39:20
6259,GO,5,Senador,1,578418,,,,,,,,04/10/2026,22:39:20
6259,GO,6,Deputado Federal,17,370116,,,,,,,,04/10/2026,22:39:26
6259,GO,7,Deputado Estadual,23,177023,,,,,,,,04/10/2026,22:39:31
6259,MA,3,Governador,1,48920,,,,,,,,04/10/2026,23:21:51
6259,MA,5,Senador,1,1171252,,,,,,,,04/10/2026,23:21:52
6259,MA,6,Deputado Federal,6,872,,,,,,,,04/10/2026,23:21:57
6259,MA,7,Deputado Estadual,25,10165,,,,,,,,04/10/2026,23:21:56
6259,MG,3,Governador,1,4764,,,,,,,,04/10/2026,23:42:05
6259,MG,5,Senador,1,14463,,,,,,,,04/10/2026,23:42:05
6259,MG,6,Deputado Federal,52,4560164,,,,,,,,04/10/2026,23:44:15
6259,MG,7,Deputado Estadual,45,114212,,,,,,,,04/10/2026,23:44:36
6259,MS,3,Governador,1,322807,,,,,,,,04/10/2026,21:06:39
6259,MS,5,Senador,2,1759599,,,,,,,,04/10/2026,21:06:39
6259,MS,6,Deputado Federal,4,216,,,,,,,,04/10/2026,21:06:40
6259,MS,7,Deputado Estadual,21,106958,,,,,,,,04/10/2026,21:06:40
6259,MT,3,Governador,1,281548,,,,,,,,04/10/2026,21:32:09
6259,MT,5,Senador,1,519434,,,,,,,,04/10/2026,21:32:09
6259,MT,6,Deputado Federal,6,8730,,,,,,,,04/10/2026,21:32:10
6259,MT,7,Deputado Estadual,25,251425,,,,,,,,04/10/2026,21:32:11
6259,PA,3,Governador,1,2676,,,,,,,,04/10/2026,23:56:32
6259,PA,5,Senador,1,1997768,,,,,,,,04/10/2026,23:56:32
6259,PA,6,Deputado Federal,18,369500,,,,,,,,04/10/2026,23:56:34
6259,PA,7,Deputado Estadual,42,714917,,,,,,,,04/10/2026,23:56:36
6259,PB,3,Governador,1,252884,,,,,,,,04/10/2026,23:23:01
6259,PB,5,Senador,1,1391994,,,,,,,,04/10/2026,23:23:02
6259,PB,6,Deputado Federal,13,528678,,,,,,,,04/10/2026,23:23:05
6259,PB,7,Deputado Estadual,30,507751,,,,,,,,04/10/2026,23:23:04
6259,PE,3,Governador,1,2805438,,,,,,,,04/10/2026,22:55:50
6259,PE,5,Senador,2,10689,,,,,,,,04/10/2026,22:55:51
6259,PE,6,Deputado Federal,16,415304,,,,,,,,04/10/2026,22:55:58
6259,PE,7,Deputado Estadual,2,251,,,,,,,,04/10/2026,22:56:01
6259,PI,3,Governador,1,5141,,,,,,,,04/10/2026,23:37:32
6259,PI,5,Senador,1,5909,,,,,,,,04/10/2026,23:37:32
6259,PI,6,Deputado Federal,7,6590,,,,,,,,04/10/2026,23:37:35
6259,PI,7,Deputado Estadual,23,530830,,,,,,,,04/10/2026,23:37:34
6259,PR,3,Governador,1,1583764,,,,,,,,04/10/2026,22:44:22
6259,PR,5,Senador,1,9194,,,,,,,,04/10/2026,22:44:22
6259,PR,6,Deputado Federal,2,2126,,,,,,,,04/10/2026,22:44:48
6259,PR,7,Deputado Estadual,15,4768,,,,,,,,04/10/2026,22:44:15
6259,RJ,3,Governador,1,4271199,,,,,,,,04/10/2026,22:23:10
6259,RJ,5,Senador,1,131065,,,,,,,,04/10/2026,22:23:10
6259,RJ,6,Deputado Federal,24,681697,,,,,,,,04/10/2026,22:23:21
6259,RJ,7,Deputado Estadual,9,35451,,,,,,,,04/10/2026,22:23:26
6259,RN,3,Governador,1,434,,,,,,,,04/10/2026,23:02:10
6259,RN,5,Senador,2,6281,,,,,,,,04/10/2026,23:02:10
6259,RN,6,Deputado Federal,3,507,,,,,,,,04/10/2026,23:02:12
6259,RN,7,Deputado Estadual,9,17581,,,,,,,,04/10/2026,23:02:13
6259,RO,3,Governador,1,189547,,,,,,,,04/10/2026,20:51:22
6259,RO,5,Senador,2,1045025,,,,,,,,04/10/2026,20:51:22
6259,RO,6,Deputado Federal,9,67974,,,,,,,,04/10/2026,20:51:23
6259,RO,7,Deputado Estadual,10,784,,,,,,,,04/10/2026,20:51:24
6259,RR,3,Governador,1,213,,,,,,,,04/10/2026,21:09:58
6259,RR,5,Senador,1,117270,,,,,,,,04/10/2026,21:09:59
6259,RR,6,Deputado Federal,7,298,,,,,,,,04/10/2026,21:09:59
6259,RR,7,Deputado Estadual,6,17812,,,,,,,,04/10/2026,21:09:59
6259,RS,3,Governador,1,510698,,,,,,,,04/10/2026,21:12:40
6259,RS,5,Senador,1,1870301,,,,,,,,04/10/2026,21:12:41
6259,RS,6,Deputado Federal,2,708,,,,,,,,04/10/2026,21:13:15
6259,RS,7,Deputado Estadual,55,441005,,,,,,,,04/10/2026,22:22:12
6259,SC,3,Governador,1,569263,,,,,,,,04/10/2026,21:56:30
6259,SC,5,Senador,1,59365,,,,,,,,04/10/2026,21:56:30
6259,SC,6,Deputado Federal,10,11035,,,,,,,,04/10/2026,21:56:38
6259,SC,7,Deputado Estadual,25,362961,,,,,,,,04/10/2026,21:56:42
6259,SE,3,Governador,1,2728,,,,,,,,04/10/2026,22:08:19
6259,SE,5,Senador,2,601437,,,,,,,,04/10/2026,22:08:19
6259,SE,6,Deputado Federal,5,486,,,,,,,,04/10/2026,22:08:20
6259,SE,7,Deputado Estadual,16,242222,,,,,,,,04/10/2026,22:08:20
6259,SP,3,Governador,1,14491874,,,,,,,,04/10/2026,22:59:12
6259,SP,5,Senador,1,12703089,,,,,,,,04/10/2026,22:59:13
6259,SP,6,Deputado Federal,45,640258,,,,,,,,04/10/2026,23:00:41
6259,SP,7,Deputado Estadual,43,133629,,,,,,,,04/10/2026,23:01:33
6259,TO,3,Governador,1,372848,,,,,,,,04/10/2026,21:18:59
6259,TO,5,Senador,1,129838,,,,,,,,04/10/2026,21:18:59
6259,TO,6,Deputado Federal,7,91727,,,,,,,,04/10/2026,21:19:00
6259,TO,7,Deputado Estadual,19,150081,,,,,,,,04/10/2026,21:19:01
