cargo,partido,bloco,votos,pct_cargo
Dep. Estadual/Distrital,REPUBLICANOS,Direita,1048002,20.6606
Dep. Estadual/Distrital,MDB,Centro-direita,1008003,19.8720
Dep. Estadual/Distrital,PL,Direita,966342,19.0507
Dep. Estadual/Distrital,AVANTE,Centro-direita,712786,14.0520
Dep. Estadual/Distrital,PP,Direita,525563,10.3611
Dep. Estadual/Distrital,PSD,Centro-direita,242222,4.7752
Dep. Estadual/Distrital,PRD,Direita,177644,3.5021
Dep. Estadual/Distrital,PDT,Demais,133629,2.6344
Dep. Estadual/Distrital,UNIAO,Direita,76369,1.5056
Dep. Estadual/Distrital,MOBILIZA,Centro-direita,69970,1.3794
Dep. Estadual/Distrital,PSDB,Centro-direita,56369,1.1113
Dep. Estadual/Distrital,PV,Demais,35451,0.6989
Dep. Estadual/Distrital,PSOL,Demais,18365,0.3621
Dep. Estadual/Distrital,REDE,Demais,1511,0.0298
Dep. Estadual/Distrital,PCO,Demais,251,0.0049
Dep. Federal,PL,Direita,4615990,51.6039
Dep. Federal,PP,Direita,1097001,12.2638
Dep. Federal,PSD,Centro-direita,811932,9.0769
Dep. Federal,PTB,Demais,679329,7.5945
Dep. Federal,PSB,Demais,657675,7.3524
Dep. Federal,REPUBLICANOS,Direita,596652,6.6702
Dep. Federal,MDB,Centro-direita,370116,4.1377
Dep. Federal,PSC,Demais,91727,1.0255
Dep. Federal,PRD,Direita,11035,0.1234
Dep. Federal,PDT,Demais,6590,0.0737
Dep. Federal,UP,Demais,2126,0.0238
Dep. Federal,AVANTE,Centro-direita,1777,0.0199
Dep. Federal,DC,Direita,993,0.0111
Dep. Federal,MOBILIZA,Centro-direita,872,0.0097
Dep. Federal,PSTU,Demais,708,0.0079
Dep. Federal,PSOL,Demais,298,0.0033
Dep. Federal,AGIR,Centro-direita,216,0.0024
Senador,PL,Direita,17505481,50.3585
Senador,PT,Demais,10485882,30.1650
Senador,MDB,Centro-direita,2897479,8.3353
Senador,PSB,Demais,2387355,6.8678
Senador,REPUBLICANOS,Direita,601437,1.7302
Senador,PRD,Direita,578418,1.6640
Senador,PTB,Demais,190430,0.5478
Senador,MOBILIZA,Centro-direita,46757,0.1345
Senador,DC,Direita,33746,0.0971
Senador,UP,Demais,16598,0.0477
Senador,PCO,Demais,11871,0.0341
Senador,PSTU,Demais,6281,0.0181
Governador,REPUBLICANOS,Direita,15540507,42.3171
Governador,PSD,Centro-direita,6271127,17.0764
Governador,PL,Direita,5068340,13.8012
Governador,PT,Demais,4949316,13.4771
Governador,PSDB,Centro-direita,2871739,7.8198
Governador,MDB,Centro-direita,1573378,4.2843
Governador,PP,Direita,218760,0.5957
Governador,UNIAO,Direita,165900,0.4517
Governador,PRTB,Direita,48920,0.1332
Governador,PSTU,Demais,7440,0.0203
Governador,NOVO,Direita,5141,0.0140
Governador,DC,Direita,2728,0.0074
Governador,AGIR,Centro-direita,434,0.0012
Governador,SOLIDARIEDADE,Centro-direita,213,0.0006
